Top Sales Tools,Marketing Tools,Analytics Tools & Software,PLD & CAD,Collaboration & Productivity ,Commerce ,Content Management ,Customer Service,Data Privacy,Design,Development,Digital Marketing ,ERP,GRC ,Hosting,HR,IT Infrastructure,IT Management ,Security,Supply Chain & Logistics ,Vertical 
Salesforce,HubSpot,Google Analytics,Siemens Teamcenter ,Slack,Shopify ,WordPress.com,Help Scout ,OneTrust ,Adobe Creative Cloud ,GitHub,MailChimp,SAP Business One,MetricStream,AWS,BambooHR,Datadog,SolarWinds,Symantec Endpoint Protection,SAP Integrated Business Planning ,Epic Systems 
DocuSign,Salesforce,Mixpanel,PTC Windchill,Microsoft Teams ,BigCommerce ,HubSpot CMS Hub,LiveAgent,TrustArc,Sketch,Netbeans,Google Analytics,NetSuite,SAI Global ,Azure,Workday,New Relic,ServiceNow,McAfee Endpoint Security,Oracle SCM Cloud ,Cerner
Outreach,Mailchimp,Tabelau,Dassault Systemes ENOVIA ,Asana ,WooCommerce,Joomla,HubSpot Service Hub ,DataGrail,Figma,BitBucket,Google Ads,Microsoft Dynamics 365,Navex Global,Google Cloud Platform ,Zenefits,AppDynamics,BMC Helix,BitDefender GravityZone,Kinaxis RapidResponse,SAP Manufacturing
ZoomInfo,Constant Contact,Heap,Autodesk Fusion Lifecycle ,Trello ,Square,Drupal,ZenDesk ,Secure Privacy,Canva,Jenkins,Yoast SEO,Odoo,RiskWatch,DigitalOcean,Gusto,Microsoft,Nagios,Trend Micro Apex One,Blue Yonder,Plex Systems 
HubSpot CRM,WordPress,PowerBI,SAP PLM,Monday.com,Wix.com,Wix,Salesforce Service Cloud,BigID,Adobe XD,LINX,Ahrefs,Acumatica,LogicGate,Heroku,ADP Workforce Now,Dynatrace,Jira Service Management,ESET Endpoint Security,Manhattan Associates ,Shopify
Gong,Google Ads,Zoho Analytics,Oracle Agile PLM,Google Workspace ,Route,Contentful,Freshdesk,Osano,InVision,Bootstrap,SEMRUSH,Epicore ERP,Lockpath,Bluehost,Namely,IBM Instana,PRTG Network Monitor,Sophos Intercept X,Logility,BigCommerce
Monday Sales CRM,Hootsuite,Segment,Aras Innovator ,Microsoft Office 365,Magento ,Adobe Experience Manager,Intercom ,WireWheel,Affinity Designer,Visual Studio Code,Loomly,Infor CloudSuite,Resolver,SiteGround,UltiPro,ConnectWise,ManageEngine ServiceDesk Plus,Cisco AMP for Endpoints ,HighJump,Oracle Hospitality
Zendesk Sell,Buffer,Tealium,Arena PLM ,Basecamp,Stripe ,Squarespace ,Kustomer ,iubenda,CorelDRAW,AWS Cloud9,Hootsuite,Syspro,BWise,HostGator,Paylocity,Splunk,Ivanti Service Manager,CrowdStrike Falcon,Llamasoft (Coupa),Guestline
Groov,SEMrush,Looker,Infor PLM ,Box,PayPal,Magnolia ,Kayako,Varonis,Balsamiq,Docker,Sprout Social,Sage Intacct,Compliance 360,A2 Hosting,TriNet,Apache CloudStack,SysAid,FireEye Endpoint Security,Descartes Systems Group,Yardi Voyager
Clari,Vimeo,Amplitude,Hexagon PPM ,Zoom,ShipStation ,TYPO3,Front ,Collibra,GIMP,Selenium,Audeinse,Workday,Enablon,Liquid Web,Ceridian Dayforce,Cisco ACI,Jamf,Palo Alto Networks Traps,FourKites ,MRI Software
SAP Sales Cloud,Marketo,Ahrefs,AutoCAD,Cisco Webex,Yotpo,WordPress.org,Tidio,SafeGuard Privacy,Inkscape,Atom,Clearscope,IFS Applications,Galvanize ,RackSpace Technology,Kronos Workforce Ready,Dell,PagerDuty,Fortinet FortiClient,Shipbob,Procore
Salesloft,Pardot,Salesforce Einstein Analytics,SolidWorks ,Figma ,Veeqo,Sprout Social ,Bitrix24,SAI360,DesignBold,Jira,HubSpot,Deltek,Archer,Linode,Peoplesoft (Oracle),OpManager,Freshservice,Kapersky Endpoint Security,Flexport,Plangrid
Zoho CRM,Google Analytics,HubSpot Analytics,CATIA ,Zapier ,Brevo,Hootsuite,HappyFox,Enzuzo,Pixlr,Azure,SendGrid,Multiview ERP,ServiceNow GRC,,Paycor,PRTG,LogicMonitor,Carbon Black,E2open,BlackBoard
DiscoverOrg,Slack,QuickBooks,PTC Creo,Calendly,ConvertKit,Bynder,Hiver ,PrivacyEngine,Fotor,Codenvy,lemlist,AccountMate,Hyperproof,,Deel,Red Hat,Spiceworks,Malwarebytes Endpoint Protection ,WiseTech Global ,Canvas
Tableau,Unbounce,Xero,Fusion 360,Toggl,Big Cartel ,PrestaShop,Gorgias,Securiti,Axure RP,Eclipse,Moosend,Oracle JD Edwards EnterpriseOne,Diligent,,ClickUp,VMware,Acronis,Check Point Endpoint Security,Fishbowl,Advent Geneva
LinkedIn Sales Navigator,ClickFunnels,Adobe Analytics,NX by Siemens ,Evernote ,Gorgias,concrete CMS,,Palqee Data Privacy,Prototyper,Zend Studio,Unbounce,,AuditBoard,,Paychex Flex,AWS CloudFormation,NinjaOne,Wireshark,Logiwa WMS,Aladdin by BlackRock
Slack,SurveyMonkey,IBM Watson Analytics,SketchUp,Zoho,Zyro,Umbrace,,Osano,Procreate,Nifty,Optimizely,,NetWrix,,ClearCompany,HPE,Wrike,NMAP,Coupa,Granular 
Pipedrive,Intercom,SAS Analytics,Rhinoceros,NetSuite ,Opencart,Sitecore,,Mine ,Blender ,Node.js,Hotjar,,Workiva,,Greenhouse,Nutanix,TopDesk,Kali Linux,IFS,John Deere Operations Center
Vidyard,Drift,Firebase Analytics,Revit by Autodesk,Miro ,Salesforce b2b commerce,Contentverse,,,Marvel,Vim,Clearbit,,OneTrust,,Dayforce,Juniper Networks,AssetSonar,Webroot,Plex Systems ,SAP for Utilities
MindTickle,Canva,Flurry Analtics,MicroStation ,Airtable ,,Microweber,,,Mockflow,,Typeform,,StandardFusion ,,OnPay,Citrix,InvGate Service Desk,Norton,Shippabo,Schneider Electric
,,,,,,,,,,,,,,,,,,,,Clio
,,,,,,,,,,,,,,,,,,,,MyCase
,,,,,,,,,,,,,,,,,,,,Veeva Systems
,,,,,,,,,,,,,,,,,,,,Medidata Solutions 
,,,,,,,,,,,,,,,,,,,,CDK Global
,,,,,,,,,,,,,,,,,,,,Epicore Eagle 